LGA,REGION,Total Persons,  Year 12 or equivalent,  Year 11 or equivalent,  Year 10 or equivalent,  Year 9 or equivalent,  Year 8 or below,  Did not go to school,  Not stated
  Albury,  Albury (C),33074,14501,3660,9321,2651,1786,221,935
  Armidale Regional,  Armidale Regional (A),16981,8760,941,4467,1257,1025,61,469
  Ballina,  Ballina (A),28498,12870,1842,9067,2346,1472,82,820
  Balranald,  Balranald (A),1455,459,187,397,164,172,15,58
  Bathurst Regional,  Bathurst Regional (A),24800,11222,1587,8125,1936,1252,94,582
  Bega Valley,  Bega Valley (A),23383,9609,2230,7275,1928,1394,53,888
  Bellingen,  Bellingen (A),8629,3742,582,2716,808,461,25,286
  Berrigan,  Berrigan (A),5759,1849,822,1676,652,495,22,241
  Blacktown,  Blacktown (C),205823,119810,10116,45678,11569,11434,2765,4446
  Bland,  Bland (A),3749,1164,255,1497,405,284,10,128
  Blayney,  Blayney (A),4670,1771,308,1710,405,310,8,167
  Blue Mountains,  Blue Mountains (C),51275,29690,2850,13555,2688,1243,132,1113
  Bogan,  Bogan (A),1696,552,115,625,189,132,3,86
  Botany Bay,  Botany Bay (C),29328,19184,1160,4915,1129,1774,536,634
  Bourke,  Bourke (A),1471,521,125,435,179,121,16,81
  Brewarrina,  Brewarrina (A),1022,274,79,334,152,135,7,48
  Broken Hill,  Broken Hill (C),12100,3152,933,4468,1515,1248,39,740
  Burwood,  Burwood (A),22688,16331,590,2579,667,1492,608,425
  Byron,  Byron (A),20160,11796,1450,4851,921,574,50,520
  Cabonne,  Cabonne (A),8526,3414,512,2977,765,602,31,225
  Camden,  Camden (A),48728,24045,3059,15359,3276,1776,255,963
  Campbellto,  Campbelltown �,98626,48519,5952,28212,7491,5046,1098,2300
  Canada Bay,  Canada Bay (A),57914,41564,1854,8149,1816,2852,764,916
  Canterbury-Bankstown,  Canterbury-Bankstown (A),213381,123002,8646,39799,10855,18385,7744,4951
  Carrathool,  Carrathool (A),1814,668,144,592,168,157,10,77
  Central Coast ,  Central Coast (C) ,219447,92206,14333,74473,19937,10580,717,7198
  Central Darling,  Central Darling (A),1129,304,98,347,167,149,3,62
  Cessnock,  Cessnock (C),35836,10438,2688,14344,4496,2558,117,1200
  Clarence Valley,  Clarence Valley (A),34918,11356,2261,13356,3864,2636,121,1324
  Cobar,  Cobar (A),2849,931,261,1030,273,227,13,113
  Coffs Harbour,  Coffs Harbour (C),48314,20250,3446,15966,4307,2699,268,1397
  Coolamon,  Coolamon (A),2699,863,178,1036,339,192,7,89
  Coonamble,  Coonamble (A),2384,757,181,776,267,268,24,106
  Cowra,  Cowra (A),8486,2609,528,3214,1021,779,35,311
  Cumberland,  Cumberland (A),132018,78160,5110,22560,6325,10760,6086,3011
  Dungog,  Dungog (A),6025,2027,389,2452,608,382,13,153
  Edward River,  Edward River (A),5871,2110,652,1736,632,450,39,258
  Eurobodalla,  Eurobodalla (A),26664,10624,1903,8898,2608,1663,68,908
  Fairfield,  Fairfield (C),126154,61080,5635,22878,7723,15323,10075,3428
  Federation,  Federation (A),8372,2693,1177,2552,873,674,24,370
  Forbes,  Forbes (A),6162,2163,451,2159,632,488,25,236
  Georges River,  Georges River (A),95152,63998,3366,15240,3979,5062,1732,1774
  Gilgandra,  Gilgandra (A),2860,856,175,1047,357,304,7,112
  Glen Innes Severn,  Glen Innes Severn (A),5781,1888,351,2112,619,573,29,212
  Goulburn Mulwaree,  Goulburn Mulwaree (A),19374,7386,1237,6749,1856,1250,119,773
  Greater Hume Shire,  Greater Hume Shire (A),6636,2401,667,2239,671,433,17,203
  Griffith,  Griffith (C),16179,6081,1119,5425,1277,1453,270,555
  Gundagai,  Gundagai (A),7668,2523,513,2847,825,651,29,289
  Gunnedah,  Gunnedah (A),7986,2715,535,2948,802,613,44,324
  Gwydir,  Gwydir (A),3541,1173,218,1207,379,375,7,180
  Hawkesbury,  Hawkesbury (C),42122,17300,2868,15512,3509,1988,170,771
  Hay,  Hay (A),1938,699,193,579,198,196,8,68
  Hilltops,  Hilltops (A),12309,4149,875,4410,1301,1000,77,514
  Hornsby,  Hornsby (A),91753,67059,3345,14412,2738,1874,628,1690
  Hunters Hill,  Hunters Hill (A),8804,6567,290,1091,254,219,51,341
  Inner West,  Inner West (A),118817,88948,4015,13076,2794,5831,1921,2224
  Inverell,  Inverell (A),10738,3619,669,3855,1171,925,39,460
  Junee,  Junee (A),3483,1174,251,1288,371,243,18,137
  Kempsey,  Kempsey (A),19056,5639,1252,7148,2449,1700,71,797
  Kiama,  Kiama (A),14576,7470,859,4401,982,521,31,308
  Ku-ring-gai,  Ku-ring-gai (A),73486,61492,2280,6370,1257,825,318,944
  Kyogle,  Kyogle (A),6098,1987,436,2319,605,510,24,225
  Lachlan,  Lachlan (A),3906,1334,264,1343,418,357,26,162
  Lake Macquarie,  Lake Macquarie (C),134305,52685,8481,48369,14002,6839,430,3501
  Lane Cove,  Lane Cove (A),23268,19577,659,2028,360,281,95,271
  Leeton,  Leeton (A),6933,2179,492,2695,681,570,38,278
  Lismore,  Lismore (C),27763,11929,1865,9330,2215,1601,98,732
  Lithgow,  Lithgow (C),13593,4277,918,5399,1451,999,46,502
  Liverpool,  Liverpool (C),121965,67412,6059,26167,6690,9046,3923,2663
  Liverpool Plains,  Liverpool Plains (A),5102,1580,357,1918,578,427,25,212
  Lockhart,  Lockhart (A),2062,687,156,778,200,157,4,81
  Maitland,  Maitland (C),49579,19013,3560,18389,4969,2436,141,1072
  Mid-Coast,  Mid-Coast (A),64100,19991,4070,24412,8050,4771,189,2609
  Mid-Western Regional,  Mid-Western Regional (A),15360,5576,1112,5549,1485,1098,51,493
  Moree Plains,  Moree Plains (A),8095,3024,614,2600,809,636,58,346
  Mosman,  Mosman (A),18561,15693,645,1538,276,129,43,235
  Murray River,  Murray River (A),8050,2751,1413,1965,899,683,31,319
  Murrumbidgee,  Murrumbidgee (A),2416,800,230,800,257,243,9,82
  Muswellbrook,  Muswellbrook (A),10081,3233,818,3932,1120,666,33,275
  Nambucca,  Nambucca (A),13248,4334,886,4853,1610,1001,50,519
  Narrabri,  Narrabri (A),8252,2921,577,2948,852,636,36,285
  Narrandera,  Narrandera (A),3747,1128,286,1322,438,324,28,223
  Narromine,  Narromine (A),4071,1448,276,1454,441,314,16,117
  Newcastle,  Newcastle (C),99194,50084,5599,28522,7886,4480,504,2126
  North Sydney,  North Sydney (A),47489,41080,1446,3430,531,356,127,522
  Northern Beaches,  Northern Beaches (A),164749,115346,7481,29493,5403,3478,678,2858
  Oberon,  Oberon (A),3371,1223,204,1294,322,224,16,90
  Orange,  Orange (C),25415,11059,1525,8176,2160,1591,137,759
  Parkes,  Parkes (A),9256,3182,632,3403,937,715,30,360
  Parramatta,  Parramatta (C),142301,104134,4707,19758,4855,4483,2126,2243
  Penrith,  Penrith (C),124769,56053,7937,41308,9470,6424,871,2703
  Port Macquarie-Hastings,  Port Macquarie-Hastings (A),54183,20735,3812,18938,5378,3038,144,2134
  Port Stephens,  Port Stephens (A),46862,17034,3394,17484,4997,2335,169,1453
  Queanbeyan-Palerang Regional,  Queanbeyan-Palerang Regional (A),35591,21171,2051,8203,1770,1498,169,734
  Randwick,  Randwick (C),83352,61712,2932,10826,2419,2854,700,1909
  Richmond Valley,  Richmond Valley (A),15093,4228,1052,5911,1797,1439,58,614
  Rockdale,  Rockdale (C),70511,45820,2688,11334,2626,4745,1435,1858
  Ryde,  Ryde (C),74271,54961,2218,9793,2258,2827,957,1266
  Shellharbour,  Shellharbour (C),44976,15978,3160,17095,4268,2881,313,1279
  Shoalhaven,  Shoalhaven (C),68617,25045,4525,24605,7568,4234,198,2446
  Singleton,  Singleton (A),14682,5307,1247,5672,1345,776,34,295
  Snowy Monaro Regional,  Snowy Monaro Regional (A),13305,6349,909,3967,948,688,62,381
  Snowy Valleys,  Snowy Valleys (A),9435,3125,795,3397,983,716,44,378
  Strathfield,  Strathfield (A),25075,19483,646,2468,588,1054,457,382
  Sutherland Shire,  Sutherland Shire (A),146521,84955,7067,39407,7456,4092,580,2957
  Sydney,  Sydney (C),124817,103313,4150,9510,2203,2532,1169,1953
  Tamworth Regional,  Tamworth Regional (A),38612,14861,2556,13547,3730,2499,168,1254
  Temora,  Temora (A),4142,1220,258,1665,500,323,16,157
  Tenterfield,  Tenterfield (A),4461,1495,340,1602,490,364,19,160
  The Hills Shire,  The Hills Shire (A),99533,69371,4012,18564,3424,2276,624,1267
  Tweed,  Tweed (A),62083,25423,4725,20870,5126,3621,180,2139
  Upper Hunter Shire,  Upper Hunter Shire (A),9134,3306,576,3278,906,646,28,394
  Upper Lachlan Shire,  Upper Lachlan Shire (A),5254,2036,340,1761,499,399,16,204
  Uralla,  Uralla (A),3990,1677,232,1323,325,273,13,151
  Wagga Wagga,  Wagga Wagga (C),39063,17460,2787,12435,3216,2044,177,947
  Walcha,  Walcha (A),2071,775,125,701,230,146,10,83
  Walgett,  Walgett (A),3896,1271,316,1220,462,425,49,147
  Warren,  Warren (A),1737,686,100,577,171,116,14,71
  Warrumbungle Shire,  Warrumbungle Shire (A),6123,2005,387,2224,707,575,17,214
  Waverley,  Waverley (A),42532,35413,1341,3558,668,672,127,749
  Weddin,  Weddin (A),2519,826,166,927,302,202,3,93
  Wentworth,  Wentworth (A),4419,1404,728,1158,491,428,21,186
  Western Plains Regional,  Western Plains Regional (A),31426,12777,2052,10808,2779,1924,128,958
  Willoughby,  Willoughby (C),46775,38877,1270,3835,853,1047,395,509
  Wingecarribee,  Wingecarribee (A),32482,16317,2074,9783,2264,1144,104,801
  Wollondilly,  Wollondilly (A),31112,12466,2009,11801,2522,1294,114,910
  Wollongong,  Wollongong (C),130920,60184,7582,39772,10114,8527,1285,3448
  Woollahra,  Woollahra (A),35413,30604,1051,2366,470,325,83,510
  Yass Valley,  Yass Valley (A),10152,5838,636,2530,507,367,27,249
  Alpine,  Alpine (S),8566,3595,1531,1852,625,592,42,323
  Ararat ,  Ararat (RC),7673,2863,1459,1546,717,729,70,289
  Ballarat,  Ballarat (C),65371,30860,10419,12401,5269,4180,237,2006
  Banyule,  Banyule (C),80370,51548,9120,9340,3703,4345,665,1639
  Bass Coast,  Bass Coast (S),23006,9158,3917,5089,2210,1602,84,946
  Baw Baw,  Baw Baw (S),32016,13066,5665,7181,2876,2199,129,904
  Bayside,  Bayside (C),63111,46925,6141,5329,1619,1750,268,1087
  Benalla ,  Benalla (RC),9721,3662,1848,2105,876,815,33,388
  Boroondara,  Boroondara (C),104209,84492,7117,5678,1816,2822,709,1569
  Brimbank,  Brimbank (C),122426,66543,11536,15324,6609,14074,4742,3597
  Buloke,  Buloke (S),4224,1415,828,911,438,446,8,176
  Campaspe,  Campaspe (S),25089,8342,4679,6033,2721,2232,91,1000
  Cardinia,  Cardinia (S),58566,27735,9707,12341,4469,2851,244,1220
  Casey,  Casey (C),184242,101850,23331,30116,10902,10469,3510,4065
  Central Goldfields,  Central Goldfields (S),9253,2897,1500,2310,1100,1003,34,398
  Colac-Otway,  Colac-Otway (S),14403,5563,2692,2966,1291,1214,140,533
  Corangamite,  Corangamite (S),10741,3815,2132,2242,1122,982,33,414
  Darebin,  Darebin (C),93058,61072,7210,7766,3569,9026,2241,2178
  East Gippsland,  East Gippsland (S),31303,11521,5296,7395,3191,2458,118,1311
  Frankston,  Frankston (C),88665,43678,13893,17515,6337,4283,422,2542
  Gannawarra,  Gannawarra (S),7436,2088,1454,1843,926,802,20,306
  Glen Eira,  Glen Eira (C),89676,68008,6939,6702,2173,3696,676,1490
  Glenelg,  Glenelg (S),13434,4399,2702,3144,1417,1264,37,475
  Golden Plains,  Golden Plains (S),13763,5877,2708,2969,1127,721,22,341
  Greater Bendigo,  Greater Bendigo (C),71578,31169,11496,15193,6319,4830,408,2176
  Greater Dandenong,  Greater Dandenong (C),96059,52350,7703,11739,5294,10371,5922,2675
  Greater Geelong,  Greater Geelong (C),152171,73835,24901,26799,11074,10068,1028,4467
  Greater Shepparton,  Greater Shepparton (C),40475,16072,6837,8257,3642,3573,697,1393
  Hepburn,  Hepburn (S),10620,5084,1671,1970,850,682,25,344
  Hindmarsh,  Hindmarsh (S),4093,1262,745,898,465,520,42,150
  Hobsons Bay,  Hobsons Bay (C),58573,34713,6492,7542,2864,4516,975,1469
  Horsham ,  Horsham (RC),13430,5308,2837,2580,1160,1044,39,465
  Hume,  Hume (C),119795,62718,14531,18192,7708,10582,3477,2587
  Indigo,  Indigo (S),10718,4677,1759,2503,760,588,25,400
  Kingston ,  Kingston �,101062,62211,12037,12891,4591,5905,1276,2159
  Knox,  Knox (C),103860,59495,14544,16136,5860,4686,840,2288
  Latrobe,  Latrobe �,48372,18235,9114,10738,4414,3898,278,1699
  Loddon,  Loddon (S),5172,1586,943,1193,577,583,18,263
  Macedon Ranges,  Macedon Ranges (S),29706,16214,4797,4912,1782,1279,81,639
  Manningham,  Manningham (C),78136,52089,7416,7787,3043,5032,1117,1651
  Mansfield,  Mansfield (S),5773,2566,1048,1129,481,353,7,186
  Maribyrnong,  Maribyrnong (C),51104,35854,3601,4212,1744,3427,1263,1006
  Maroondah,  Maroondah (C),73249,42736,10535,10851,3727,3270,649,1482
  Melbourne,  Melbourne (C),68054,58000,3260,2969,974,1227,644,979
  Melton,  Melton (C),80807,44391,10432,13474,5117,4697,996,1698
  Mildura ,  Mildura (RC),35023,12785,5611,8072,3437,3313,425,1384
  Mitchell,  Mitchell (S),25678,10771,4400,5625,2394,1596,98,794
  Moira,  Moira (S),19674,6370,3465,4866,2111,1848,104,915
  Monash,  Monash (C),112972,78512,9269,10288,4011,6872,1692,2330
  Moonee Valley,  Moonee Valley (C),76325,49383,7751,7575,2912,5627,1266,1806
  Moorabool,  Moorabool (S),20688,9102,3663,4378,1729,1176,59,581
  Moreland,  Moreland (C),105191,69273,8202,9144,3870,9830,2436,2441
  Mornington Peninsula,  Mornington Peninsula (S),106814,53014,16937,20497,7382,5403,448,3135
  Mount Alexander,  Mount Alexander (S),12449,6214,1954,2224,925,701,31,402
  Moyne,  Moyne (S),10715,4471,2085,2095,919,738,33,371
  Murrindindi,  Murrindindi (S),9489,3876,1622,2160,872,618,31,307
  Nillumbik,  Nillumbik (S),39523,25010,5954,5300,1642,1052,116,454
  Northern Grampians,  Northern Grampians (S),8186,2936,1472,1732,881,776,84,312
  Port Phillip,  Port Phillip (C),68693,54756,4885,4488,1202,1891,393,1076
  Pyrenees,  Pyrenees (S),4765,1646,855,1112,526,424,12,195
  Queenscliffe,  Queenscliffe (B),2075,1214,330,294,85,74,7,66
  South Gippsland,  South Gippsland (S),19444,7549,3785,4273,1784,1375,62,615
  Southern Grampians,  Southern Grampians (S),11089,4331,2088,2283,989,914,40,449
  Stonnington,  Stonnington (C),68482,56337,4272,3585,1026,1838,441,973
  Strathbogie,  Strathbogie (S),7276,2820,1226,1662,693,592,19,262
  Surf Coast,  Surf Coast (S),19161,11428,3222,2655,856,611,37,350
  Swan Hill ,  Swan Hill (RC),12851,4692,2197,2772,1214,1210,217,545
  Towong,  Towong (S),4179,1479,768,1064,385,330,7,147
  Wangaratta ,  Wangaratta (RC),19057,7750,3439,4227,1594,1426,76,550
  Warrnambool,  Warrnambool (C),22228,9818,4042,4119,1866,1567,81,732
  Wellington,  Wellington (S),28373,10579,5344,6509,2755,2091,105,992
  West Wimmera,  West Wimmera (S),2772,958,595,637,235,241,8,93
  Whitehorse,  Whitehorse (C),103068,71810,9598,9596,3749,4973,1463,1876
  Whittlesea,  Whittlesea (C),124300,69520,13988,16958,7061,11119,2704,2944
  Wodonga,  Wodonga (C),24949,10515,3979,6316,1895,1416,154,675
  Wyndham,  Wyndham (C),128806,80365,14107,17892,6515,6158,1632,2140
  Yarra,  Yarra (C),57511,46515,3171,2822,1070,2166,859,895
  Yarra Ranges,  Yarra Ranges (S),99503,49578,16905,19115,6956,4379,455,2124
  Yarriambiack,  Yarriambiack (S),4648,1435,980,1021,471,505,28,208
  Unincorporated,  Unincorporated Vic,498,358,58,53,8,9,3,12
  No usual address (V,  No usual address (Vic.),4218,2177,542,698,364,207,67,163
  Migratory - Offshore - Shipping (V,  Migratory - Offshore - Shipping (Vic.),27,13,4,10,0,0,0,0
  Aurukun,  Aurukun (S),839,141,57,300,98,212,15,12
  Balonne,  Balonne (S),2880,1236,226,852,159,294,23,89
  Banana,  Banana (S),9241,3797,741,2920,547,961,47,229
  Barcaldine,  Barcaldine (R),1964,811,122,625,104,238,9,53
  Barcoo,  Barcoo (S),206,71,23,63,9,35,3,3
  Blackall-Tambo,  Blackall-Tambo (R),1391,503,83,444,103,195,12,48
  Boulia,  Boulia (S),268,94,16,85,22,34,0,3
  Brisbane,  Brisbane (C),708765,497154,35547,112771,17279,28782,5310,11925
  Bulloo,  Bulloo (S),244,88,26,73,15,29,4,11
  Bundaberg,  Bundaberg (R),63674,23145,4914,21788,5011,6359,305,2148
  Burdekin,  Burdekin (S),11807,4305,949,4081,742,1300,72,370
  Burke,  Burke (S),222,94,22,51,11,24,3,17
  Cairns,  Cairns (R),97901,53024,9105,23963,4306,4521,766,2214
  Carpentaria,  Carpentaria (S),1306,395,118,449,119,144,22,65
  Cassowary Coast,  Cassowary Coast (R),19338,7722,1740,5983,1216,1827,164,692
  Central Highlands ,  Central Highlands (R) ,16409,7974,1453,4890,800,843,65,391
  Charters Towers,  Charters Towers (R),7417,2810,571,2330,580,837,41,239
  Cherbourg,  Cherbourg (S),694,116,114,228,123,81,26,16
  Cloncurry,  Cloncurry (S),1887,851,166,541,116,164,15,38
  Cook,  Cook (S),2659,1152,257,778,185,188,16,83
  Croydon,  Croydon (S),162,48,12,68,13,10,3,14
  Diamantina,  Diamantina (S),172,82,21,41,15,14,0,0
  Doomadgee,  Doomadgee (S),780,115,103,375,62,99,7,19
  Douglas,  Douglas (S),7754,4069,833,1907,360,332,17,235
  Etheridge,  Etheridge (S),549,157,32,204,53,79,11,21
  Flinders ,  Flinders (S) ,1088,394,81,350,73,141,17,35
  Fraser Coast,  Fraser Coast (R),70027,24636,5696,24982,5749,6332,282,2340
  Gladstone,  Gladstone (R),39172,17854,3938,12258,2165,2074,114,771
  Gold Coast,  Gold Coast (C),360396,198874,31694,90446,17313,12835,1359,7878
  Goondiwindi,  Goondiwindi (R),6798,2901,473,2095,434,627,25,238
  Gympie,  Gympie (R),33581,12152,2757,11866,2650,3083,119,951
  Hinchinbrook,  Hinchinbrook (S),7687,2830,588,2469,473,1025,42,249
  Hope Vale,  Hope Vale (S),560,140,84,181,62,81,3,10
  Ipswich,  Ipswich (C),118043,58564,9558,32410,6421,7674,842,2575
  Isaac,  Isaac (R),11797,5853,1021,3533,590,499,28,278
  Kowanyama,  Kowanyama (S),637,136,126,236,32,93,4,14
  Livingstone,  Livingstone (S),23446,10094,1890,7742,1388,1696,56,577
  Lockhart River,  Lockhart River (S),414,94,70,111,56,48,10,21
  Lockyer Valley,  Lockyer Valley (R),24307,9301,1709,8083,1759,2523,139,801
  Logan,  Logan (C),190436,94155,16007,52122,11052,10800,2241,4060
  Longreach,  Longreach (R),2405,1129,159,673,140,186,9,114
  Mackay,  Mackay (R),74174,32111,6542,23755,4288,5232,244,2008
  McKinlay,  McKinlay (S),580,251,38,202,40,41,0,7
  Mapoon,  Mapoon (S),209,36,18,80,26,31,0,7
  Maranoa,  Maranoa (R),8014,3456,524,2554,433,729,58,255
  Mareeba,  Mareeba (S),13553,5678,1086,3891,820,1384,124,578
  Moreton Bay,  Moreton Bay (R),276169,139338,22238,77994,14805,15118,998,5682
  Mornington,  Mornington (S),686,178,95,226,53,83,16,40
  Mount Isa,  Mount Isa (C),11038,5558,955,3037,582,589,71,238
  Murweh,  Murweh (S),2867,1113,222,854,209,335,22,103
  Napranum,  Napranum (S),606,166,108,190,70,65,3,6
  Noosa,  Noosa (S),36633,19666,3353,9735,1668,1361,82,772
  North Burnett,  North Burnett (R),6998,2368,433,2307,545,981,42,318
  Northern Peninsula Area,  Northern Peninsula Area (R),1494,692,247,329,73,116,0,28
  Palm Island,  Palm Island (S),1529,380,212,511,188,210,9,30
  Paroo,  Paroo (S),1135,389,88,369,86,130,22,52
  Pormpuraaw,  Pormpuraaw (S),513,116,65,177,47,81,21,11
  Quilpie,  Quilpie (S),557,234,43,183,39,51,0,15
  Redland,  Redland (C),100036,51773,7727,28892,4599,4919,260,1856
  Richmond,  Richmond (S),557,205,32,193,29,72,0,22
  Rockhampton,  Rockhampton (R),50434,22126,3615,15384,3013,4479,273,1549
  Scenic Rim,  Scenic Rim (R),26679,11861,2060,8030,1693,2155,79,800
  Somerset,  Somerset (R),16155,5858,1260,5487,1286,1601,71,583
  South Burnett,  South Burnett (R),21794,7346,1615,7505,1799,2473,101,956
  Southern Downs,  Southern Downs (R),24020,9231,1673,8141,1666,2313,105,889
  Sunshine Coast,  Sunshine Coast (R),198344,101222,17186,55899,9819,9178,461,4581
  Tablelands,  Tablelands (R),16914,7007,1276,5430,1061,1430,90,627
  Toowoomba,  Toowoomba (R),102456,48345,6753,30604,5434,8184,500,2642
  Torres,  Torres (S),1874,1027,140,371,68,129,10,130
  Torres Strait Island,  Torres Strait Island (R),2491,1173,273,490,113,320,21,98
  Townsville,  Townsville (C),115107,59816,9790,31121,5496,6080,473,2328
  Weipa,  Weipa (T),2305,1245,229,601,96,48,17,68
  Western Downs,  Western Downs (R),20652,8392,1492,6697,1287,2023,90,681
  Whitsunday,  Whitsunday (R),21846,9529,2145,6834,1308,1314,83,630
  Winton,  Winton (S),784,300,52,263,54,73,10,23
  Woorabinda,  Woorabinda (S),543,113,73,226,61,56,3,15
  Wujal Wujal,  Wujal Wujal (S),203,52,33,54,27,30,0,8
  Yarrabah,  Yarrabah (S),1498,395,254,519,174,104,12,33
  No usual address (,  No usual address (Qld),8581,3736,821,2546,699,493,67,228
  Migratory - Offshore - Shipp,  Migratory - Offshore - Shipping ,121,38,15,39,11,16,0,3
  Adelaide,  Adelaide (C),11371,8603,1119,874,211,212,58,296
  Adelaide Hills ,  Adelaide Hills (DC),25751,15601,4644,3483,805,746,53,423
  Alexandrina ,  Alexandrina (DC),18513,7562,4138,4042,1172,932,38,633
  Anangu Pitjantjatjara ,  Anangu Pitjantjatjara (AC),1354,308,223,310,141,168,59,147
  Barossa ,  Barossa (DC),16078,6890,3551,3133,979,1089,28,409
  Barunga West ,  Barunga West (DC),1875,574,458,428,157,196,0,64
  Berri and Barmera ,  Berri and Barmera (DC),7257,2532,1483,1552,565,737,75,310
  Burnside,  Burnside (C),28385,20909,3136,2430,551,769,113,482
  Campbelltown (C) ,  Campbelltown (C) (SA),33896,19104,5113,4240,1216,2877,531,813
  Ceduna ,  Ceduna (DC),2085,729,471,478,167,171,10,62
  Charles Sturt,  Charles Sturt (C),76446,40314,12513,10838,3369,6275,1251,1886
  Clare and Gilbert Valleys ,  Clare and Gilbert Valleys (DC),6255,2561,1501,1199,419,400,3,178
  Cleve ,  Cleve (DC),1184,456,297,215,54,117,6,35
  Coober Pedy ,  Coober Pedy (DC),1113,434,182,234,61,102,25,76
  Copper Coast ,  Copper Coast (DC),10079,2984,2285,2542,926,887,26,436
  Elliston ,  Elliston (DC),739,279,149,175,43,53,0,35
  Flinders Ranges ,  Flinders Ranges (DC),1170,374,285,275,79,108,11,44
  Franklin Harbour ,  Franklin Harbour (DC),899,280,192,235,64,88,0,35
  Gawler,  Gawler (T),15622,6321,3439,3265,1055,1027,59,458
  Goyder ,  Goyder (DC),2860,982,636,633,252,255,6,101
  Grant ,  Grant (DC),5170,1808,1345,1097,365,382,5,171
  Holdfast Bay,  Holdfast Bay (C),24750,14554,4018,3645,815,884,140,697
  Kangaroo Island ,  Kangaroo Island (DC),3295,1417,675,703,209,190,6,88
  Karoonda East Murray ,  Karoonda East Murray (DC),757,230,157,186,63,107,0,19
  Kimba ,  Kimba (DC),698,277,172,113,39,76,0,20
  Kingston (DC) ,  Kingston (DC) (SA),1684,556,364,400,151,154,3,53
  Light (R,  Light (RegC),9480,4053,2350,1916,494,446,22,204
  Lower Eyre Peninsula ,  Lower Eyre Peninsula (DC),3509,1418,907,704,206,170,10,93
  Loxton Waikerie ,  Loxton Waikerie (DC),8012,2599,1787,1815,619,822,35,332
  Mallala ,  Mallala (DC),5875,1991,1489,1462,419,360,26,126
  Maralinga Tjarutja ,  Maralinga Tjarutja (AC),18,9,5,3,0,0,0,4
  Marion,  Marion (C),59458,32729,10263,9081,2536,3033,436,1379
  Mid Murray ,  Mid Murray (DC),6144,1887,1389,1568,498,558,16,220
  Mitcham,  Mitcham (C),41788,27464,6236,4685,1143,1393,189,679
  Mount Barker ,  Mount Barker (DC),21513,11213,4380,3662,968,757,38,480
  Mount Gambier,  Mount Gambier (C),17512,6328,4109,3663,1269,1483,113,545
  Mount Remarkable ,  Mount Remarkable (DC),2078,669,527,446,173,193,4,68
  Murray Bridge ,  Murray Bridge (RC),14066,4836,2931,3211,1166,1377,100,441
  Naracoorte and Lucindale ,  Naracoorte and Lucindale (DC),5758,2180,1327,1158,382,361,144,201
  Northern Areas ,  Northern Areas (DC),3204,1183,736,685,221,246,7,121
  Norwood Payneham St Peters,  Norwood Payneham St Peters (C),23330,15518,2880,2167,569,1510,269,420
  Onkaparinga,  Onkaparinga (C),111512,51657,24273,22471,5782,4465,292,2577
  Orroroo/Carrieton ,  Orroroo/Carrieton (DC),633,216,151,133,44,70,5,19
  Peterborough ,  Peterborough (DC),1215,313,260,301,118,141,6,65
  Playford,  Playford (C),54665,20235,11875,12360,4156,3486,877,1671
  Port Adelaide Enfield,  Port Adelaide Enfield (C),79261,40745,12259,11817,4178,6137,1896,2231
  Port Augusta,  Port Augusta (C),8799,2765,2322,1910,638,692,57,418
  Port Lincoln,  Port Lincoln (C),9417,3591,2186,2030,581,709,21,293
  Port Pirie City and Dists,  Port Pirie City and Dists (M),12012,3739,2890,2658,966,1265,48,440
  Prospect,  Prospect (C),13359,8784,1793,1327,353,707,178,218
  Renmark Paringa ,  Renmark Paringa (DC),6534,2130,1401,1474,502,649,115,263
  Robe ,  Robe (DC),1004,427,236,209,56,48,0,21
  Roxby Downs,  Roxby Downs (M),2275,1125,558,449,75,27,3,31
  Salisbury,  Salisbury (C),89335,38503,17331,17057,5462,6295,2388,2309
  Southern Mallee ,  Southern Mallee (DC),1436,522,304,321,121,126,5,37
  Streaky Bay ,  Streaky Bay (DC),1412,549,315,320,69,108,4,44
  Tatiara ,  Tatiara (DC),4418,1683,1026,921,283,339,51,112
  Tea Tree Gully,  Tea Tree Gully (C),66836,33315,14135,12015,2969,2970,243,1184
  The Coorong ,  The Coorong (DC),3736,1172,827,872,339,369,7,146
  Tumby Bay ,  Tumby Bay (DC),1887,667,434,394,121,194,5,77
  Unley,  Unley (C),24577,17440,2807,2143,519,979,159,527
  Victor Harbor,  Victor Harbor (C),11079,4166,2402,2654,757,709,26,376
  Wakefield ,  Wakefield (DC),4589,1583,1062,1010,395,399,13,124
  Walkerville,  Walkerville (M),4969,3478,631,455,116,173,21,82
  Wattle Range ,  Wattle Range (DC),8013,2726,1919,1794,588,720,25,239
  West Torrens,  West Torrens (C),38196,22307,5714,4926,1343,2623,461,823
  Whyalla,  Whyalla (C),14373,5271,3616,2968,892,940,64,625
  Wudinna ,  Wudinna (DC),839,318,200,169,66,54,0,36
  Yankalilla ,  Yankalilla (DC),3813,1544,836,828,286,200,12,104
  Yorke Peninsula ,  Yorke Peninsula (DC),8355,2613,1920,1974,753,784,18,292
  Unincorporate,  Unincorporated SA,2366,842,516,497,181,213,15,101
  No usual address ,  No usual address (SA),1837,724,320,423,154,131,31,58
  Migratory - Offshore - Shipping ,  Migratory - Offshore - Shipping (SA),3,6,0,0,0,0,0,0
  Albany,  Albany (C),24617,10974,2809,7395,1391,1171,77,794
  Armadale,  Armadale (C),50244,25822,5729,13547,2284,1469,347,1057
  Ashburton,  Ashburton (S),8647,4381,1325,2315,283,111,42,186
  Augusta-Margaret River,  Augusta-Margaret River (S),9235,5328,976,2168,332,196,20,208
  Bassendean,  Bassendean (T),10121,5597,960,2285,442,491,76,264
  Bayswater,  Bayswater (C),43378,26748,3382,8068,1509,2178,533,954
  Belmont,  Belmont (C),25286,14648,2325,4961,1104,1230,343,675
  Beverley,  Beverley (S),1217,446,139,412,95,62,3,60
  Boddington,  Boddington (S),1211,487,157,415,72,44,0,29
  Boyup Brook,  Boyup Brook (S),1187,498,118,376,86,54,3,41
  Bridgetown-Greenbushes,  Bridgetown-Greenbushes (S),3246,1408,365,1061,178,125,8,103
  Brookton,  Brookton (S),661,260,69,212,52,44,3,35
  Broome,  Broome (S),9502,4907,1201,2264,398,339,55,332
  Broomehill-Tambellup,  Broomehill-Tambellup (S),701,308,80,200,45,45,3,16
  Bruce Rock,  Bruce Rock (S),645,270,65,197,44,45,0,18
  Bunbury,  Bunbury (C),21686,9041,2511,6981,1331,1140,106,580
  Busselton,  Busselton (C),24276,11557,2958,6946,1204,825,88,695
  Cambridge,  Cambridge (T),16640,13159,794,1791,323,294,40,241
  Canning,  Canning (C),55597,36354,4062,9503,1865,2017,565,1221
  Capel,  Capel (S),10450,5028,1324,3151,472,234,17,215
  Carnamah,  Carnamah (S),390,162,40,128,23,25,0,10
  Carnarvon,  Carnarvon (S),3441,1345,445,1016,236,249,32,120
  Chapman Valley,  Chapman Valley (S),852,384,112,269,43,27,4,14
  Chittering,  Chittering (S),3549,1440,501,1175,219,112,9,87
  Claremont,  Claremont (T),6250,5070,275,641,101,50,9,93
  Cockburn,  Cockburn (C),66887,37788,6561,15037,2741,2929,499,1326
  Collie,  Collie (S),5874,1720,1029,2123,464,337,11,195
  Coolgardie,  Coolgardie (S),2135,685,336,776,163,86,8,81
  Coorow,  Coorow (S),787,266,88,330,64,19,0,21
  Corrigin,  Corrigin (S),776,316,100,224,55,51,0,27
  Cottesloe,  Cottesloe (T),4929,4109,223,382,83,68,0,58
  Cranbrook,  Cranbrook (S),762,328,69,245,58,47,0,21
  Cuballing,  Cuballing (S),580,214,72,189,53,34,3,19
  Cue,  Cue (S),111,45,9,38,7,9,0,3
  Cunderdin,  Cunderdin (S),886,416,81,267,52,52,0,17
  Dalwallinu,  Dalwallinu (S),956,490,92,243,36,65,0,30
  Dandaragan,  Dandaragan (S),2333,901,292,756,171,137,0,66
  Dardanup,  Dardanup (S),9182,3714,1210,3096,510,341,21,287
  Denmark,  Denmark (S),3910,2123,366,1054,165,105,7,85
  Derby-West Kimberley,  Derby-West Kimberley (S),4548,1628,647,1263,329,282,156,250
  Donnybrook-Balingup,  Donnybrook-Balingup (S),3989,1610,439,1374,229,170,22,155
  Dowerin,  Dowerin (S),465,192,62,156,26,18,0,12
  Dumbleyung,  Dumbleyung (S),463,249,53,109,23,21,0,13
  Dundas,  Dundas (S),515,157,70,186,42,35,3,29
  East Fremantle,  East Fremantle (T),4736,3499,302,626,109,138,10,54
  East Pilbara,  East Pilbara (S),6563,3025,1020,1822,254,188,59,193
  Esperance,  Esperance (S),8939,3765,1239,2650,540,405,23,316
  Exmouth,  Exmouth (S),1786,861,230,510,97,49,3,34
  Fremantle,  Fremantle (C),19265,12542,1402,3119,662,1026,148,373
  Gingin,  Gingin (S),3629,1377,405,1263,256,177,31,127
  Gnowangerup,  Gnowangerup (S),812,371,83,252,43,30,5,31
  Goomalling,  Goomalling (S),696,288,67,210,52,46,0,29
  Gosnells,  Gosnells (C),74008,39355,7533,17809,3484,3229,1088,1512
  Greater Geraldton,  Greater Geraldton (C),24567,10115,3485,7366,1462,1342,125,666
  Halls Creek,  Halls Creek (S),1719,464,217,471,164,206,72,120
  Harvey,  Harvey (S),16884,6974,2285,5625,907,673,63,353
  Irwin,  Irwin (S),2510,862,330,882,189,143,8,85
  Jerramungup,  Jerramungup (S),727,372,81,196,45,23,4,8
  Joondalup,  Joondalup (C),102019,62834,10193,21982,3097,2066,242,1603
  Kalamunda,  Kalamunda (S),37874,19904,4373,9881,1692,1202,181,632
  Kalgoorlie/Boulder,  Kalgoorlie/Boulder (C),18258,8264,2542,5390,942,604,75,441
  Karratha,  Karratha (C),12400,6513,1783,3054,466,247,36,304
  Katanning,  Katanning (S),2618,941,299,692,178,215,146,140
  Kellerberrin,  Kellerberrin (S),822,275,92,281,60,78,6,34
  Kent,  Kent (S),352,178,34,97,22,9,0,7
  Kojonup,  Kojonup (S),1328,649,126,385,80,58,0,37
  Kondinin,  Kondinin (S),601,265,72,179,36,33,6,13
  Koorda,  Koorda (S),302,127,35,93,17,25,0,11
  Kulin,  Kulin (S),545,286,45,138,36,27,3,10
  Kwinana,  Kwinana (C),23392,11638,2827,6292,1179,773,114,571
  Lake Grace,  Lake Grace (S),843,408,86,246,47,33,3,22
  Laverton,  Laverton (S),770,302,117,213,70,45,3,12
  Leonora,  Leonora (S),815,380,120,213,53,29,9,20
  Mandurah,  Mandurah (C),55158,23054,6923,17213,3653,2492,154,1667
  Manjimup,  Manjimup (S),6222,2467,787,1931,431,344,51,209
  Meekatharra,  Meekatharra (S),640,246,71,211,36,38,0,38
  Melville,  Melville (C),64118,43399,4520,10930,1940,1843,267,1220
  Menzies,  Menzies (S),350,125,44,98,25,22,12,13
  Merredin,  Merredin (S),2195,904,282,657,143,123,19,64
  Mingenew,  Mingenew (S),312,133,33,84,24,19,0,10
  Moora,  Moora (S),1581,692,218,438,93,86,4,50
  Morawa,  Morawa (S),462,208,47,121,30,22,0,25
  Mosman Park,  Mosman Park (T),5331,4234,272,558,97,60,17,92
  Mount Magnet,  Mount Magnet (S),283,94,25,88,31,14,3,18
  Mount Marshall,  Mount Marshall (S),357,183,29,88,25,18,3,13
  Mukinbudin,  Mukinbudin (S),389,145,44,136,22,21,0,14
  Mundaring,  Mundaring (S),24530,12665,2714,6715,1121,748,66,505
  Murchison,  Murchison (S),80,29,7,25,7,10,0,3
  Murray,  Murray (S),11199,3934,1539,3978,860,573,31,280
  Nannup,  Nannup (S),972,425,97,322,58,29,3,38
  Narembeen,  Narembeen (S),584,254,68,173,28,29,4,25
  Narrogin,  Narrogin (S),3204,1331,372,930,233,192,6,142
  Nedlands,  Nedlands (C),12870,10734,487,1140,160,149,25,173
  Ngaanyatjarraku,  Ngaanyatjarraku (S),867,141,58,136,113,280,8,115
  Northam,  Northam (S),7007,2599,824,2346,521,362,33,328
  Northampton,  Northampton (S),2320,855,270,819,164,128,5,85
  Nungarin,  Nungarin (S),173,68,23,68,15,7,0,3
  Peppermint Grove,  Peppermint Grove (S),922,789,40,73,12,5,0,5
  Perenjori,  Perenjori (S),438,196,63,127,27,11,4,14
  Perth,  Perth (C),13103,10436,714,1253,224,185,63,227
  Pingelly,  Pingelly (S),793,255,94,278,64,58,0,44
  Plantagenet,  Plantagenet (S),3447,1466,382,1054,209,172,35,120
  Port Hedland,  Port Hedland (T),8257,4062,1182,2123,355,211,72,256
  Quairading,  Quairading (S),706,248,72,259,46,51,0,23
  Ravensthorpe,  Ravensthorpe (S),1189,517,144,367,71,65,6,29
  Rockingham,  Rockingham (C),78400,37051,10589,22681,3725,2314,199,1845
  Sandstone,  Sandstone (S),70,16,8,29,8,3,0,0
  Serpentine-Jarrahdale,  Serpentine-Jarrahdale (S),16731,7744,2233,5202,798,452,47,257
  Shark Bay,  Shark Bay (S),671,263,91,213,53,20,0,21
  South Perth,  South Perth (C),26613,19252,1669,3682,669,574,114,648
  Stirling,  Stirling (C),137467,88927,10359,22938,4519,6286,1582,2861
  Subiaco,  Subiaco (C),11703,9521,538,1053,169,180,27,211
  Swan,  Swan (C),83595,43430,9536,21258,3587,3209,797,1776
  Tammin,  Tammin (S),238,120,19,72,17,18,0,3
  Three Springs,  Three Springs (S),390,174,44,104,29,20,0,21
  Toodyay,  Toodyay (S),3146,1274,370,1071,187,157,11,88
  Trayning,  Trayning (S),239,79,29,73,24,23,0,9
  Upper Gascoyne,  Upper Gascoyne (S),147,39,30,58,11,7,0,11
  Victoria Park,  Victoria Park (T),21880,14723,1537,3298,633,748,191,759
  Victoria Plains,  Victoria Plains (S),626,279,83,190,34,32,0,16
  Vincent,  Vincent (C),22191,16514,1294,2385,386,889,209,516
  Wagin,  Wagin (S),1263,468,143,422,97,80,6,53
  Wandering,  Wandering (S),305,130,32,107,9,9,0,17
  Wanneroo,  Wanneroo (C),115647,64221,13071,26674,4485,3591,1271,2334
  Waroona,  Waroona (S),2723,895,375,965,213,173,22,84
  West Arthur,  West Arthur (S),570,254,65,176,34,36,3,15
  Westonia,  Westonia (S),206,97,33,54,11,8,0,4
  Wickepin,  Wickepin (S),492,216,55,140,41,25,0,20
  Williams,  Williams (S),674,345,76,163,36,35,0,16
  Wiluna,  Wiluna (S),497,203,68,127,33,45,7,6
  Wongan-Ballidu,  Wongan-Ballidu (S),944,405,111,301,54,47,0,27
  Woodanilling,  Woodanilling (S),285,144,30,76,18,9,0,3
  Wyalkatchem,  Wyalkatchem (S),360,140,33,96,33,33,3,19
  Wyndham-East Kimberley,  Wyndham-East Kimberley (S),4307,1940,511,1148,262,220,100,124
  Yalgoo,  Yalgoo (S),223,103,31,66,5,7,8,0
  Yilgarn,  Yilgarn (S),840,306,106,288,65,61,0,17
  York,  York (S),2471,1040,266,782,136,136,0,108
  No usual address ,  No usual address (WA),3759,1695,466,1091,253,139,32,93
  Migratory - Offshore - Shipping ,  Migratory - Offshore - Shipping (WA),341,199,38,81,13,8,0,0
  Break O'Day,  Break O'Day (M),4452,1386,399,1623,556,296,16,174
  Brighton,  Brighton (M),10369,3140,1051,4166,1063,499,38,408
  Burnie,  Burnie (C),12559,3789,1198,4929,1297,785,71,489
  Central Coast (M) (T,  Central Coast (M) (Tas.),14845,4253,1325,6078,1670,987,31,500
  Central Highlands (M) (T,  Central Highlands (M) (Tas.),1547,456,121,599,189,112,3,69
  Circular Head,  Circular Head (M),5246,1272,532,2275,645,327,16,185
  Clarence,  Clarence (C),36986,17039,3326,11657,2463,1458,107,935
  Derwent Valley,  Derwent Valley (M),6810,1869,653,2788,714,435,49,297
  Devonport,  Devonport (C),16735,5032,1466,6831,1748,1014,55,585
  Dorset,  Dorset (M),4599,1155,331,2055,547,315,12,183
  Flinders (M) (T,  Flinders (M) (Tas.),674,261,64,227,63,34,3,24
  George Town,  George Town (M),4537,1270,392,1876,481,296,11,214
  Glamorgan/Spring Bay,  Glamorgan/Spring Bay (M),3330,1084,266,1217,394,174,16,178
  Glenorchy,  Glenorchy (C),30347,11253,2700,10502,2707,1930,267,985
  Hobart,  Hobart (C),31604,22198,1799,5076,958,906,150,525
  Huon Valley,  Huon Valley (M),11016,4508,1043,3672,886,520,30,356
  Kentish,  Kentish (M),4237,1270,395,1691,454,272,19,132
  King Island,  King Island (M),1155,413,126,434,73,63,0,44
  Kingborough,  Kingborough (M),23492,13043,1899,6212,1159,651,33,491
  Latrobe (M) (T,  Latrobe (M) (Tas.),7547,2106,682,3277,821,395,14,247
  Launceston,  Launceston (C),41841,16819,3555,14250,3324,2365,375,1148
  Meander Valley,  Meander Valley (M),13253,4539,1150,5137,1256,754,32,380
  Northern Midlands,  Northern Midlands (M),8786,2679,783,3512,898,516,35,354
  Sorell,  Sorell (M),9794,3453,965,3779,858,426,23,297
  Southern Midlands,  Southern Midlands (M),4086,1137,393,1638,480,248,4,179
  Tasman,  Tasman (M),1683,603,112,600,209,100,0,56
  Waratah/Wynyard,  Waratah/Wynyard (M),9409,2659,878,3793,1050,647,37,341
  West Coast,  West Coast (M),2868,738,298,1241,292,166,7,122
  West Tamar,  West Tamar (M),15273,6141,1337,5413,1218,617,49,499
  No usual address (T,  No usual address (Tas.),595,252,51,193,46,29,3,24
  Migratory - Offshore - Shipping (T,  Migratory - Offshore - Shipping (Tas.),60,26,10,22,0,0,0,0
  Alice Springs,  Alice Springs (T),14609,7878,1992,2726,674,789,175,367
  Barkly,  Barkly (R),3959,1007,417,869,405,805,252,201
  Belyuen,  Belyuen (S),126,12,10,48,16,38,0,0
  Central Desert,  Central Desert (R),2210,368,183,385,248,797,151,81
  Coomalie,  Coomalie (S),751,248,105,215,70,56,6,42
  Darwin,  Darwin (C),47986,30019,5400,7548,1581,1969,436,1039
  East Arnhem,  East Arnhem (R),5082,1344,662,1009,607,965,116,381
  Katherine,  Katherine (T),5192,2342,677,1247,348,312,90,173
  Litchfield,  Litchfield (M),13690,6023,2245,3804,671,511,74,362
  MacDonnell,  MacDonnell (R),3025,605,272,515,446,811,178,200
  Palmerston,  Palmerston (C),19529,10276,2973,4376,832,550,117,398
  Roper Gulf,  Roper Gulf (R),3751,753,580,905,523,582,156,253
  Tiwi Islands,  Tiwi Islands (R),1614,377,388,585,102,108,13,40
  Victoria Daly,  Victoria Daly (R),1530,361,176,399,187,200,124,84
  Wagait,  Wagait (S),327,165,41,87,19,10,0,8
  West Arnhem,  West Arnhem (R),3546,1025,549,776,366,422,143,258
  West Daly,  West Daly (R),1665,333,166,524,229,311,44,71
  Unincorporate,  Unincorporated NT,4009,2193,462,899,190,138,29,98
  No usual address ,  No usual address (NT),1432,598,157,383,124,101,16,51
  Migratory - Offshore - Shipping ,  Migratory - Offshore - Shipping (NT),53,40,6,3,8,0,0,0
  Unincorporated,  Unincorporated ACT,243881,180660,10463,34980,6766,6354,1286,3370
  No usual address (,  No usual address (ACT),326,193,18,74,18,12,3,8
  Migratory - Offshore - Shipping (,  Migratory - Offshore - Shipping (ACT),0,0,0,0,0,0,0,0
  Unincorp. Other Territo,  Unincorp. Other Territories,2781,1334,205,679,125,180,139,115
  No usual address ,  No usual address (OT),40,19,3,11,3,0,0,0
  Migratory - Offshore - Shipping ,  Migratory - Offshore - Shipping (OT),6,0,0,3,3,0,0,0